Keyword,link,title,company_name,reward
React,https://www.wanted.co.kr/wd/225951,Frontend (React / Angular) 개발자(5년 이상),디앤에스에버(DNSEver),합격보상금 100만원
React,https://www.wanted.co.kr/wd/225822,"프론트엔드 개발자(React, ReactRNative)",루먼랩,합격보상금 100만원
React,https://www.wanted.co.kr/wd/224987,ReactNative 개발자 (2년 이상),버브앤코,합격보상금 100만원
React,https://www.wanted.co.kr/wd/225161,React/React-native 개발자 (주임-전임연구원급/팀장급),인비저블아이디어,합격보상금 100만원
React,https://www.wanted.co.kr/wd/225287,React Native 앱 개발자,샤플,합격보상금 100만원
React,https://www.wanted.co.kr/wd/225638,"[드로니아] 프론트엔드 개발자 (React, TypeScript)(2년 이상)",더대시,합격보상금 100만원
React,https://www.wanted.co.kr/wd/150575,ReactNative/React 프론트 개발자 (3년 이상),페이워크,합격보상금 100만원
React,https://www.wanted.co.kr/wd/208585,Front-End Senior 개발자 (React 기반),오픈플랜,합격보상금 100만원
React,https://www.wanted.co.kr/wd/225951,Frontend (React / Angular) 개발자(5년 이상),디앤에스에버(DNSEver),합격보상금 100만원
React,https://www.wanted.co.kr/wd/225822,"프론트엔드 개발자(React, ReactRNative)",루먼랩,합격보상금 100만원
React,https://www.wanted.co.kr/wd/224987,ReactNative 개발자 (2년 이상),버브앤코,합격보상금 100만원
React,https://www.wanted.co.kr/wd/225161,React/React-native 개발자 (주임-전임연구원급/팀장급),인비저블아이디어,합격보상금 100만원
React,https://www.wanted.co.kr/wd/225287,React Native 앱 개발자,샤플,합격보상금 100만원
React,https://www.wanted.co.kr/wd/225638,"[드로니아] 프론트엔드 개발자 (React, TypeScript)(2년 이상)",더대시,합격보상금 100만원
React,https://www.wanted.co.kr/wd/150575,ReactNative/React 프론트 개발자 (3년 이상),페이워크,합격보상금 100만원
React,https://www.wanted.co.kr/wd/208585,Front-End Senior 개발자 (React 기반),오픈플랜,합격보상금 100만원
React,https://www.wanted.co.kr/wd/130448,모바일 S/W 엔지니어 (React Native),그루우,합격보상금 100만원
React,https://www.wanted.co.kr/wd/222389,React.js (개발자~PM/PL 리더급),라이즌스퀘어,합격보상금 100만원
React,https://www.wanted.co.kr/wd/224620,React Native 개발자,뱅크엑스,합격보상금 100만원
React,https://www.wanted.co.kr/wd/173444,프론트엔드 개발자 (React Native),서플라이스,합격보상금 100만원
React,https://www.wanted.co.kr/wd/220817,React 프론트엔드 개발 (5~8년),만나컴퍼니,합격보상금 100만원
React,https://www.wanted.co.kr/wd/184032,Sr. React Front-end Engineer,올거나이즈코리아(Allganize Korea),합격보상금 100만원
React,https://www.wanted.co.kr/wd/31020,[200억↑투자] 앱(React Native) 개발자 (전문연 가능),클라썸,합격보상금 100만원
React,https://www.wanted.co.kr/wd/205184,FE 개발자(react native),스매시,합격보상금 100만원
React,https://www.wanted.co.kr/wd/217015,"Front End 개발자(React, Next.js )",에이프로코리아,합격보상금 100만원
React,https://www.wanted.co.kr/wd/224237,[1900억↑투자] 시니어 웹 프론트엔드 엔지니어(React),피에프씨테크놀로지스,합격보상금 100만원
React,https://www.wanted.co.kr/wd/224679,"대기업 커머스 재구축 프로젝트 개발(ReactJS, NextJS, JAVA)",이그레브,합격보상금 100만원
React,https://www.wanted.co.kr/wd/197741,Frontend 개발 (React),투스카이,합격보상금 100만원
React,https://www.wanted.co.kr/wd/221551,React 기반 프론트엔드 개발자 PL급,에이엔드,합격보상금 100만원
React,https://www.wanted.co.kr/wd/223217,React Native모바일 앱 개발자(5년 이상),모니모니,합격보상금 100만원
React,https://www.wanted.co.kr/wd/117044,모바일 앱 개발자 (React Native),큐피스트(글램),합격보상금 100만원
React,https://www.wanted.co.kr/wd/222079,"풀스택 앱 개발 Angular, Node, React",에이치비엠피,합격보상금 100만원
React,https://www.wanted.co.kr/wd/222400,"프론트엔드 파트장 (Typescript, React)",미스터블루,합격보상금 100만원
React,https://www.wanted.co.kr/wd/215400,[100억↑투자] [자동차사업팀] React Native 앱개발자 (4년~6년),패스트뷰,합격보상금 100만원
React,https://www.wanted.co.kr/wd/204730,[100억↑투자] React Native 엔지니어,누비랩,합격보상금 100만원
React,https://www.wanted.co.kr/wd/194600,(React Native) 모바일앱 개발자,먼치팩토리,합격보상금 100만원
React,https://www.wanted.co.kr/wd/93806,"프론트엔드 개발자 (리더, React.js 6년 이상)",코딧(CODITCorp.),합격보상금 100만원
React,https://www.wanted.co.kr/wd/166293,[울산 근무] 프론트엔드 엔지니어(React Native),타이로스코프,합격보상금 100만원
React,https://www.wanted.co.kr/wd/211848,React Native 개발자(Lead),네오사피엔스(타입캐스트),합격보상금 100만원
React,https://www.wanted.co.kr/wd/203589,[100억↑투자] React Native Developer,아우름플래닛(Liner),합격보상금 100만원
React,https://www.wanted.co.kr/wd/224264,(React Native) 모바일 앱 개발자 (4년 이상),그로들,합격보상금 100만원
React,https://www.wanted.co.kr/wd/170505,[100억↑투자] 프론트엔드 React.js(리액트) 개발자,와탭랩스(WhaTapLabs),합격보상금 100만원
React,https://www.wanted.co.kr/wd/214698,플랫폼개발팀 프론트엔드(React Native) 개발자,더즌(dozn),합격보상금 100만원
React,https://www.wanted.co.kr/wd/217101,[100억↑투자] 교육 PM [모바일 교육(React Native)],코드잇(codeit),합격보상금 100만원
React,https://www.wanted.co.kr/wd/205183,[3년이상] 프론트엔드 개발자 React/React Native/Node.js,렉스퍼,합격보상금 100만원
React,https://www.wanted.co.kr/wd/225274,ReactNative(Flutter) Frontend Engineer,보닥(아이지넷),합격보상금 100만원
React,https://www.wanted.co.kr/wd/212045,React Native 개발자,피어테크(지닥),합격보상금 100만원
React,https://www.wanted.co.kr/wd/213458,React Native 게임 개발자,마인드허브,합격보상금 100만원
React,https://www.wanted.co.kr/wd/136210,"React, ReactNative 개발자",팹(PAP),합격보상금 100만원
React,https://www.wanted.co.kr/wd/140908,React Native Staff Engineer,알로카도스,합격보상금 100만원
React,https://www.wanted.co.kr/wd/126674,Global 서비스 React Native 개발,SOOP,합격보상금 100만원
React,https://www.wanted.co.kr/wd/169803,Senior Frontend Engineer (React),위펀(스낵24),합격보상금 100만원
React,https://www.wanted.co.kr/wd/215741,코박(Cobak) 프론트엔드 개발자[3년 이상] (React),판도라티비,합격보상금 100만원
React,https://www.wanted.co.kr/wd/196583,프론트엔드 개발자 (React),그루우,합격보상금 100만원
React,https://www.wanted.co.kr/wd/77145,React 기반 Frontend 개발자,레인포컴퍼니,합격보상금 100만원
React,https://www.wanted.co.kr/wd/223111,"프론트엔드 개발 엔지니어 (React, Flutter)",크로커스,합격보상금 100만원
React,https://www.wanted.co.kr/wd/195983,[200억↑투자] 웹(React) 개발자 (전문연 가능),클라썸,합격보상금 100만원
React,https://www.wanted.co.kr/wd/221335,프론트엔드 엔지니어 (React),뮤즈라이브(Muzlive),합격보상금 100만원
React,https://www.wanted.co.kr/wd/213714,리액트 프론트엔드 개발자,프로보티브(Provotive),합격보상금 100만원
React,https://www.wanted.co.kr/wd/225513,프론드엔드 개발자(React / 4년이상),라바웨이브,합격보상금 100만원
React,https://www.wanted.co.kr/wd/224360,Next.js 및 React Full-stack 개발자,캐번클럽,합격보상금 100만원
React,https://www.wanted.co.kr/wd/45651,"[200억↑투자] 웹 프론트엔드 개발자(JavaScript, React) (서울)",페이타랩(패스오더),합격보상금 100만원
React,https://www.wanted.co.kr/wd/208965,React / Next.js 웹개발자 (2년 이상),다이노즈,합격보상금 100만원
React,https://www.wanted.co.kr/wd/45003,React 프론트엔드 개발자 (3년 이상),누벤트,합격보상금 100만원
React,https://www.wanted.co.kr/wd/212971,(React) 프론트엔드 개발자,먼치팩토리,합격보상금 100만원
React,https://www.wanted.co.kr/wd/204314,"프론트엔드 개발자 (Typescript, React)",미스터블루,합격보상금 100만원
React,https://www.wanted.co.kr/wd/115582,React FrontEnd Developer,에이젠글로벌,합격보상금 100만원
React,https://www.wanted.co.kr/wd/90322,"웹 프론트엔드 개발자(React, 3년이상)",물류대장,합격보상금 100만원
React,https://www.wanted.co.kr/wd/207121,프론트엔드 웹 개발자 React.js / Next.js (1~3년),클라우드호스피탈,합격보상금 100만원
React,https://www.wanted.co.kr/wd/204271,[신사업] Spring Boot & React 개발자,나인스원더,합격보상금 100만원
React,https://www.wanted.co.kr/wd/218461,React/React.Native 프론트엔드 개발자,솔로트립,합격보상금 100만원
React,https://www.wanted.co.kr/wd/165182,[500억↑투자] 프론트엔드 개발자 (React),아파트멘터리,합격보상금 100만원
React,https://www.wanted.co.kr/wd/222154,react 개발자 (프론트엔드),라이즌스퀘어,합격보상금 100만원
React,https://www.wanted.co.kr/wd/212630,[200억↑투자] 프론트엔드 엔지니어 (React),페이히어,합격보상금 100만원
React,https://www.wanted.co.kr/wd/218462,React 프론트엔드 개발자,딩코,합격보상금 100만원
React,https://www.wanted.co.kr/wd/223534,개발자(react),바이브컴퍼니,합격보상금 100만원
React,https://www.wanted.co.kr/wd/222043,React Frontend Engineer,보닥(아이지넷),합격보상금 100만원
React,https://www.wanted.co.kr/wd/53936,프론트엔드 개발자 (React.js 3년이상),코딧(CODITCorp.),합격보상금 100만원
React,https://www.wanted.co.kr/wd/204252,[100억↑투자] React 개발자,메디빌더,합격보상금 100만원
React,https://www.wanted.co.kr/wd/213490,프론트엔드 웹 개발자 (React),휴가중,합격보상금 100만원
